signal_length,mean_exe_time_sec,std_exe_time_sec
64,0.001662,0.000079
128,0.003195,0.000131
256,0.008927,0.000160
512,0.013069,0.000180
1024,0.024223,0.000093
2048,0.048353,0.000159
4096,0.097110,0.000233
8192,0.194779,0.000940
16384,0.391967,0.003456
32768,0.785118,0.008222
65536,1.561694,0.011310
131072,3.122919,0.013847
262144,6.242924,0.014254
