signal_length,mean_exe_time_sec,std_exe_time_sec
64,0.001184,0.000312
128,0.002927,0.000048
256,0.005797,0.000087
512,0.011479,0.000071
1024,0.023791,0.000058
2048,0.048621,0.000089
4096,0.099628,0.000672
8192,0.198057,0.001407
16384,0.398893,0.008728
32768,0.780012,0.002199
65536,1.558802,0.005599
131072,3.118197,0.010806
262144,6.218098,0.006700
