signal_length,mean_exe_time_sec,std_exe_time_sec
64,0.008087,0.000325
128,0.024270,0.000911
256,0.046956,0.000317
512,0.093651,0.000303
1024,0.194675,0.001275
2048,0.397784,0.003002
4096,0.794842,0.005728
8192,1.582515,0.006135
16384,3.187209,0.032698
32768,6.572204,0.079467
65536,12.865955,0.117376
131072,25.458802,0.077397
262144,51.262398,0.236902
