signal_length,mean_exe_time_sec,std_exe_time_sec
64,0.001303,0.000147
128,0.003098,0.000111
256,0.005887,0.000106
512,0.011872,0.000263
1024,0.024652,0.000754
2048,0.049839,0.000467
4096,0.099590,0.001740
8192,0.201451,0.007506
16384,0.390769,0.001746
32768,0.782267,0.003077
65536,1.569467,0.006942
131072,3.139851,0.005476
262144,6.303394,0.008482
