signal_length,mean_exe_time_sec,std_exe_time_sec
64,0.001975,0.000160
128,0.003767,0.000345
256,0.006698,0.000136
512,0.014391,0.000178
1024,0.033545,0.000573
2048,0.082172,0.000423
4096,0.222253,0.002996
8192,0.665072,0.008058
16384,2.160123,0.085851
32768,7.702879,0.372916
65536,29.989645,1.426960
131072,113.540920,9.273446
262144,467.006974,50.193649
