signal_length,mean_exe_time_sec,std_exe_time_sec
1,0.293360,0.507850
2,0.000259,0.000064
4,0.000359,0.000104
8,0.000473,0.000029
16,0.000593,0.000075
32,0.000914,0.000034
64,0.001975,0.000277
128,0.003312,0.000143
256,0.007307,0.001013
512,0.014054,0.000641
1024,0.027000,0.000702
2048,0.059545,0.001868
4096,0.139323,0.012509
8192,0.356120,0.019123
16384,0.883910,0.018715
32768,2.223697,0.095980
65536,5.978511,0.392330
131072,25.645798,1.132485
262144,118.518291,2.421783
