signal_length,mean_exe_time_sec,std_exe_time_sec
2,0.000153,0.000051
4,0.000173,0.000024
8,0.000270,0.000033
16,0.000619,0.000177
32,0.000890,0.000066
64,0.001451,0.000022
128,0.002927,0.000214
256,0.005246,0.000037
512,0.010404,0.000155
1024,0.020244,0.000114
2048,0.040417,0.000674
4096,0.080223,0.000301
8192,0.160027,0.000459
16384,0.330438,0.016608
32768,0.633064,0.001426
65536,1.275262,0.009780
131072,2.529907,0.006484
262144,5.062789,0.011700
524288,10.359289,0.135853
