signal_length,mean_exe_time_sec,std_exe_time_sec
2,0.000184,0.000071
4,0.000250,0.000074
8,0.000303,0.000040
16,0.000577,0.000121
32,0.000891,0.000031
64,0.001634,0.000030
128,0.003134,0.000063
256,0.006173,0.000047
512,0.012266,0.000035
1024,0.024530,0.000086
2048,0.049978,0.001010
4096,0.099171,0.000778
8192,0.200071,0.001972
16384,0.404793,0.008515
32768,0.798259,0.002681
65536,1.606756,0.010278
131072,3.256274,0.018251
262144,6.587138,0.025700
