signal_length,mean_exe_time_sec,std_exe_time_sec
1,0.300789,0.520746
2,0.000175,0.000057
4,0.000238,0.000080
8,0.000319,0.000073
16,0.000643,0.000119
32,0.000874,0.000045
64,0.002361,0.000342
128,0.003310,0.000369
256,0.006910,0.000204
512,0.014004,0.000551
1024,0.027529,0.000713
2048,0.062698,0.003051
4096,0.140588,0.005749
8192,0.331454,0.048776
16384,0.786884,0.021151
32768,2.275110,0.031412
65536,6.794328,0.393318
131072,23.737314,0.401236
262144,103.280824,1.402322
