signal_length,mean_exe_time_sec,std_exe_time_sec
2,0.000187,0.000045
4,0.000233,0.000048
8,0.000361,0.000087
16,0.000619,0.000073
32,0.001019,0.000108
64,0.001761,0.000062
128,0.003253,0.000060
256,0.008757,0.001393
512,0.013534,0.000925
1024,0.025762,0.000944
2048,0.050011,0.000312
4096,0.099647,0.000478
8192,0.200573,0.000338
16384,0.404865,0.004862
32768,0.798469,0.002627
65536,1.616959,0.012524
131072,3.241073,0.009340
262144,6.519003,0.024608
