signal_length,mean_exe_time_sec,std_exe_time_sec
2,0.000195,0.000060
4,0.000232,0.000063
8,0.000320,0.000044
16,0.000520,0.000054
32,0.000882,0.000063
64,0.001578,0.000058
128,0.002936,0.000110
256,0.005599,0.000083
512,0.010614,0.000102
1024,0.020709,0.000048
2048,0.041336,0.000354
4096,0.081869,0.000754
8192,0.162506,0.000993
16384,0.322866,0.001648
32768,0.644597,0.004918
65536,1.282320,0.006904
131072,2.558569,0.003624
262144,5.127697,0.026195
524288,10.331501,0.029466
