signal_length,mean_exe_time_sec,std_exe_time_sec
64,0.012947,0.000520
128,0.025207,0.000107
256,0.050712,0.000366
512,0.101598,0.000571
1024,0.199586,0.000343
2048,0.403265,0.004981
4096,0.799942,0.002393
8192,1.597488,0.008616
16384,3.192958,0.011721
32768,6.386363,0.021129
65536,12.761111,0.059499
131072,25.538267,0.044217
262144,51.292504,0.570296
